Column 1,Column 2,Column 3
650 €/mes,2 habs.,1 baño
850 €/mes,4 habs.,2 baños
1.200 €/mes,4 habs.,3 baños
850 €/mes,3 habs.,2 baños
890 €/mes,2 habs.,2 baños
700 €/mes,3 habs.,2 baños
790 €/mes,3 habs.,2 baños
700 €/mes,3 habs.,3 baños
450 €/mes,3 habs.,1 baño
450 €/mes,3 habs.,1 baño
500 €/mes,3 habs.,2 baños
450 €/mes,2 habs.,1 baño
700 €/mes,4 habs.,1 baño
A consultar,3 habs.,1 baño
380 €/mes,2 habs.,2 baños
790 €/mes,3 habs.,3 baños
530 €/mes,3 habs.,1 baño
600 €/mes,4 habs.,2 baños
400 €/mes,2 habs.,2 baños
375 €/mes,2 habs.,1 baño
500 €/mes,2 habs.,1 baño
350 €/mes,2 habs.,1 baño
450 €/mes,3 habs.,2 baños
390 €/mes,3 habs.,1 baño
375 €/mes,1 hab.,1 baño
350 €/mes,1 hab.,1 baño
350 €/mes,2 habs.,1 baño
350 €/mes,2 habs.,1 baño
320 €/mes,2 habs.,1 baño
350 €/mes,1 hab.,1 baño
900 €/mes,3 habs.,2 baños
1.500 €/mes,2 habs.,2 baños
950 €/mes,3 habs.,2 baños
550 €/mes,2 habs.,1 baño
1.100 €/mes,1 hab.,2 baños
1.700 €/mes,3 habs.,4 baños
625 €/mes,1 hab.,1 baño
900 €/mes,3 habs.,2 baños
1.000 €/mes,1 hab.,2 baños
1.600 €/mes,5 habs.,3 baños
550 €/mes,1 hab.,1 baño
290 €/mes,1 baño,20 m²
900 €/mes,3 habs.,2 baños
800 €/mes,3 habs.,2 baños
750 €/mes,1 hab.,1 baño
600 €/mes,2 habs.,2 baños
2.500 €/mes,5 habs.,4 baños
800 €/mes,4 habs.,2 baños
1.200 €/mes,3 habs.,2 baños
850 €/mes,1 hab.,1 baño
700 €/mes,2 habs.,1 baño
1.150 €/mes,4 habs.,3 baños
580 €/mes,2 habs.,1 baño
700 €/mes,3 habs.,1 baño
475 €/mes,1 hab.,1 baño
1.000 €/mes,3 habs.,1 baño
800 €/mes,2 habs.,1 baño
390 €/mes,1 hab.,1 baño
750 €/mes,2 habs.,1 baño
1.800 €/mes,4 habs.,2 baños
900 €/mes,2 habs.,2 baños
850 €/mes,2 habs.,2 baños
490 €/mes,2 habs.,1 baño
3.200 €/mes,6 habs.,6 baños
1.150 €/mes,2 habs.,2 baños
780 €/mes,2 habs.,1 baño
690 €/mes,1 hab.,1 baño
1.700 €/mes,4 habs.,4 baños
1.350 €/mes,3 habs.,3 baños
1.500 €/mes,4 habs.,2 baños
750 €/mes,2 habs.,1 baño
950 €/mes,3 habs.,4 baños
590 €/mes,1 hab.,1 baño
644 €/mes,1 hab.,2 baños
350 €/mes,6.600 m²,
880 €/mes,2 habs.,1 baño
600 €/mes,2 habs.,2 baños
1.000 €/mes,4 habs.,2 baños
1.200 €/mes,2 habs.,2 baños
1.500 €/mes,3 habs.,2 baños
1.200 €/mes,3 habs.,2 baños
890 €/mes,1 hab.,1 baño
950 €/mes,1 hab.,2 baños
650 €/mes,2 habs.,1 baño
400 €/mes,1 hab.,1 baño
870 €/mes,2 habs.,1 baño
730 €/mes,2 habs.,2 baños
950 €/mes,2 habs.,1 baño
420 €/mes,3 habs.,1 baño
750 €/mes,2 habs.,2 baños
1.100 €/mes,3 habs.,3 baños
870 €/mes,2 habs.,1 baño
1.200 €/mes,2 habs.,2 baños
675 €/mes,3 habs.,2 baños
880 €/mes,2 habs.,1 baño
700 €/mes,2 habs.,1 baño
575 €/mes,2 habs.,50 m²
700 €/mes,2 habs.,2 baños
950 €/mes,2 habs.,1 baño
550 €/mes,1 hab.,1 baño
750 €/mes,3 habs.,2 baños
650 €/mes,1 hab.,1 baño
575 €/mes,1 hab.,1 baño
1.300 €/mes,4 habs.,2 baños
1.200 €/mes,2 habs.,2 baños
860 €/mes,2 habs.,3 baños
750 €/mes,2 habs.,2 baños
750 €/mes,2 habs.,1 baño
500 €/mes,1 hab.,1 baño
600 €/mes,3 habs.,2 baños
650 €/mes,2 habs.,1 baño
750 €/mes,2 habs.,1 baño
700 €/mes,1 hab.,1 baño
430 €/mes,1 hab.,1 baño
780 €/mes,2 habs.,2 baños
1.500 €/mes,5 habs.,2 baños
1.200 €/mes,4 habs.,3 baños
1.000 €/mes,2 habs.,2 baños
675 €/mes,3 habs.,2 baños
590 €/mes,1 hab.,1 baño
1.100 €/mes,3 habs.,3 baños
870 €/mes,2 habs.,1 baño
1.200 €/mes,2 habs.,2 baños
675 €/mes,3 habs.,2 baños
880 €/mes,2 habs.,1 baño
700 €/mes,2 habs.,1 baño
575 €/mes,2 habs.,50 m²
700 €/mes,2 habs.,2 baños
950 €/mes,2 habs.,1 baño
550 €/mes,1 hab.,1 baño
750 €/mes,3 habs.,2 baños
650 €/mes,1 hab.,1 baño
575 €/mes,1 hab.,1 baño
1.300 €/mes,4 habs.,2 baños
1.200 €/mes,2 habs.,2 baños
860 €/mes,2 habs.,3 baños
750 €/mes,2 habs.,2 baños
750 €/mes,2 habs.,1 baño
500 €/mes,1 hab.,1 baño
600 €/mes,3 habs.,2 baños
650 €/mes,2 habs.,1 baño
750 €/mes,2 habs.,1 baño
700 €/mes,1 hab.,1 baño
430 €/mes,1 hab.,1 baño
780 €/mes,2 habs.,2 baños
1.500 €/mes,5 habs.,2 baños
1.200 €/mes,4 habs.,3 baños
1.000 €/mes,2 habs.,2 baños
675 €/mes,3 habs.,2 baños
590 €/mes,1 hab.,1 baño